,OR,TE_diamond,id,studlab,treat1,treat2,CI_lower,CI_upper,CI_lower_diamond,CI_upper_diamond,Predict_lo,Predict_up,WEIGHT,tau2,I2
0,5.8247422678,5.8247422678,1,Tonneson_2,nicotine_gum ,no_treatment ,0.2729705843,124.2903977293,0.2729705843,124.2903977293,,,0.4101188338,,
1,0.9347826087000001,3.6325206850000002,2,Jarvis,nicotine_gum ,placebo ,0.056684479100000004,15.4154812743,0.7834740556,16.8419189289,,,0.4073366459,0.4099769076,0.2506638054
2,5.7040998219,3.6325206850000002,2,Garvey,nicotine_gum ,placebo ,1.6356733654,19.8919634365,0.7834740556,16.8419189289,,,1.2252532019,0.4099769076,0.2506638054
3,0.9909909910000001,0.3851655312,3,Glover,placebo ,sublingual_tablet,0.3967789608,2.4750887557,0.0315755247,4.698337962,,,0.39654959170000004,2.3036527732,0.6470461955
4,0.0687361419,0.3851655312,3,Molander,placebo ,sublingual_tablet,0.0035289522,1.3388272132,0.0315755247,4.698337962,,,0.2174495632,2.3036527732,0.6470461955
5,0.3427561838,0.3219953532,4,Tonneson,placebo , nicotine_inhaler ,0.0138468379,8.4843776043,0.1441672182,0.7191718673,,,0.37304988310000003,0.0,0.0
6,0.3206521739,0.3219953532,4,Bollinger,placebo , nicotine_inhaler ,0.13981905190000002,0.7353634233,0.1441672182,0.7191718673,,,5.5761155711,0.0,0.0
7,0.6282216495,0.580391838,5,Berlin,placebo , nicotine_patch ,0.2019465546,1.9542915286,0.1979889698,1.7013810722,,,2.9825564211,0.0,0.0
8,0.28888888890000003,0.580391838,5,Oncken,placebo , nicotine_patch ,0.009949274900000001,8.3882283518,0.1979889698,1.7013810722,,,0.3385416667,0.0,0.0
