,studlab,treat1,treat2,MD,TE_direct,TE_adj,seTE
0,2,Fluticasone,Salmeterol,-2.6,-2.6,0.0,0.0073225466
1,1,Placebo,Salmeterol,0.1,0.1683283498,-0.06832834980000001,0.029578732400000002
2,4,Placebo,Salmeterol,0.2,0.1683283498,0.0316716502,0.020137912
3,2,Salmeterol,Fluticasone,2.6,2.6,0.0,0.0073225466
4,3,Placebo,SFC,0.4,0.4,0.0,0.0073195866000000005
5,1,Salmeterol,Placebo,-0.1,-0.1683283498,0.06832834980000001,0.029578732400000002
6,4,Salmeterol,Placebo,-0.2,-0.1683283498,-0.0316716502,0.020137912
7,3,SFC,Placebo,-0.4,-0.4,0.0,0.0073195866000000005
