,MD,TE_diamond,id,studlab,treat1,treat2,CI_lower,CI_upper,CI_lower_diamond,CI_upper_diamond,Predict_lo,Predict_up,WEIGHT,tau2,I2
0,-2.6,-2.6,1,2,Fluticasone,Salmeterol,-2.7677178024,-2.4322821976,-2.7677178024,-2.4322821976,-2147483648,-2147483648,136.5645115867,,
1,-0.4,-0.4,2,3,SFC,Placebo,-0.5676839006000001,-0.2323160994,-0.5676839006000001,-0.2323160994,-2147483648,-2147483648,136.6197375136,,
2,-0.1,-0.1594946275,3,1,Salmeterol,Placebo,-0.43708379150000004,0.2370837915,-0.37402766670000004,0.055038411700000005,-2147483648,-2147483648,33.8080748856,0.0,0.0
3,-0.2,-0.1594946275,3,4,Salmeterol,Placebo,-0.4781347869,0.0781347869,-0.37402766670000004,0.055038411700000005,-2147483648,-2147483648,49.6575811832,0.0,0.0
