,Q,df(Q),p-value
1,76.6195682006,57,0.042546995000000004
