,Q,df(Q),p-value
1,25.4052074407,31,0.7493053978
