"Treatment","MD","CI_lower","CI_upper","WEIGHT"
"Benfluorex",0.110637723375166,-0.628639768744263,0.849915215494595,2.6512372159213
"Metformin",-0.284990412984188,-0.790793809211113,0.220812983242738,3.8750234075547
"Miglitol",-0.107941439487569,-0.770118795372662,0.554235916397524,2.95993208251615
"Pioglitazone",-0.287307015603915,-0.905881401605286,0.331267370397455,3.16857607485166
"Placebo",0.841784938227975,0.359977139027574,1.32359273742838,4.06801218920237
"Rosiglitazone",-0.39167081474786,-0.902286746330615,0.118945116834894,3.83850146219409
"Sitagliptin",0.271784938227976,-0.573089552220309,1.11665942867626,2.31987120236053
"Sulfonylurea",0.425226138019627,-0.0951488952462078,0.945601171285461,3.76651429200818
"Vildagliptin",0.141784938227972,-0.70203964625523,0.985609522711175,2.32275763949257
