"index","Treatment","MD","CI_lower","CI_upper","WEIGHTS"
0,"Acarbose",-0.110637723375166,-0.849915215494596,0.628639768744263,2.6512372159213
1,"Metformin",-0.395628136359354,-1.0326646634312,0.241408390712497,3.0767466490645
2,"Miglitol",-0.218579162862735,-0.940197171410677,0.503038845685207,2.71611846819616
3,"Pioglitazone",-0.397944738979081,-1.10484977368155,0.308960295723384,2.77264965417166
4,"Placebo",0.731147214852809,0.170440112183278,1.29185431752234,3.49558618157042
5,"Rosiglitazone",-0.502308538123026,-1.11642441098785,0.1118073347418,3.19158010174314
6,"Sitagliptin",0.16114721485281,-0.731078431620084,1.0533728613257,2.1967537110687
7,"Sulfonylurea",0.314588414644461,-0.418420000240702,1.04759682952962,2.67391200455327
8,"Vildagliptin",0.031147214852806,-0.860084308934349,0.922378738639961,2.19920407625537
