"Treatment","MD","CI_lower","CI_upper","WEIGHT"
"Acarbose",0.284990412984188,-0.220812983242738,0.790793809211114,3.87502340755469
"Benfluorex",0.395628136359354,-0.241408390712497,1.0326646634312,3.0767466490645
"Miglitol",0.177048973496619,-0.368627832970675,0.722725779963912,3.59186972356223
"Pioglitazone",-0.00231660261972766,-0.444409428188251,0.439776222948796,4.43345805822448
"Placebo",1.12677535121216,0.824412850495381,1.42913785192894,6.48228532094297
"Rosiglitazone",-0.106680401763673,-0.430415459509269,0.217054655981923,6.0543334838337
"Sitagliptin",0.556775351212164,-0.200256504841213,1.31380720726554,2.58905881480079
"Sulfonylurea",0.710216551003814,0.249119188425055,1.17131391358257,4.25072914977955
"Vildagliptin",0.42677535121216,-0.329084593385793,1.18263529581011,2.59307298132134
