"Treatment","MD","CI_lower","CI_upper","WEIGHT"
"Acarbose",0.287307015603915,-0.331267370397455,0.905881401605286,3.16857607485166
"Benfluorex",0.397944738979081,-0.308960295723385,1.10484977368155,2.77264965417166
"Metformin",0.00231660261972766,-0.439776222948796,0.444409428188251,4.43345805822448
"Miglitol",0.179365576116346,-0.446463768338093,0.805194920570786,3.13184419581445
"Placebo",1.12909195383189,0.69860121861958,1.5595826890442,4.55294351232289
"Rosiglitazone",-0.104363799143945,-0.543458942242346,0.334731343954456,4.46372507372682
"Sitagliptin",0.559091953831892,-0.257606535418303,1.37579044308209,2.39990648421483
"Sulfonylurea",0.712533153623542,0.120515613686846,1.30455069356024,3.31071272011566
"Vildagliptin",0.429091953831887,-0.386520360390716,1.24470426805449,2.40310251061886
