"Treatment","MD","CI_lower","CI_upper","WEIGHT"
"Acarbose",-0.841784938227975,-1.32359273742838,-0.359977139027574,4.06801218920237
"Benfluorex",-0.731147214852809,-1.29185431752234,-0.170440112183279,3.49558618157043
"Metformin",-1.12677535121216,-1.42913785192894,-0.824412850495382,6.48228532094298
"Miglitol",-0.949726377715544,-1.40397311163516,-0.495479643795927,4.31483564689062
"Pioglitazone",-1.12909195383189,-1.5595826890442,-0.69860121861958,4.5529435123229
"Rosiglitazone",-1.23345575297584,-1.48394697102643,-0.982964534925244,7.82462561064374
"Sitagliptin",-0.569999999999998,-1.26402748449893,0.124027484498934,2.82409565006646
"Sulfonylurea",-0.416558800208348,-0.888691071196469,0.0555734707797726,4.15137901058518
"Vildagliptin",-0.700000000000003,-1.39274899783971,-0.00725100216029784,2.82930759353264
