"Treatment","MD","CI_lower","CI_upper","WEIGHT"
"Acarbose",0.39167081474786,-0.118945116834894,0.902286746330615,3.83850146219409
"Benfluorex",0.502308538123026,-0.1118073347418,1.11642441098785,3.19158010174314
"Metformin",0.106680401763673,-0.217054655981924,0.430415459509269,6.0543334838337
"Miglitol",0.283729375260292,-0.235005572084793,0.802464322605376,3.77842289213671
"Pioglitazone",0.104363799143945,-0.334731343954456,0.543458942242347,4.46372507372682
"Placebo",1.23345575297584,0.982964534925243,1.48394697102643,7.82462561064372
"Sitagliptin",0.663455752975837,-0.0743924696013978,1.40130397555307,2.65637286914361
"Sulfonylurea",0.816896952767487,0.352088791413041,1.28170511412193,4.21679342782747
"Vildagliptin",0.533455752975833,-0.203190040013162,1.27010154596483,2.66070887617121
