"Treatment","MD","CI_lower","CI_upper","WEIGHT"
"Acarbose",-0.271784938227976,-1.11665942867626,0.573089552220309,2.31987120236053
"Benfluorex",-0.16114721485281,-1.0533728613257,0.731078431620084,2.1967537110687
"Metformin",-0.556775351212164,-1.31380720726554,0.200256504841213,2.58905881480079
"Miglitol",-0.379726377715545,-1.20919261844904,0.449739863017949,2.36296536706157
"Pioglitazone",-0.559091953831892,-1.37579044308209,0.257606535418303,2.39990648421483
"Placebo",0.569999999999998,-0.124027484498934,1.26402748449893,2.82409565006646
"Rosiglitazone",-0.663455752975837,-1.40130397555307,0.0743924696013977,2.65637286914361
"Sulfonylurea",0.15344119979165,-0.685953242975465,0.992835642558765,2.33501665026366
"Vildagliptin",-0.130000000000004,-1.11059947136833,0.850599471368317,1.99877733695393
