"Treatment","MD","CI_lower","CI_upper","WEIGHT"
"Acarbose",-0.141784938227972,-0.985609522711175,0.70203964625523,2.32275763949257
"Benfluorex",-0.031147214852806,-0.922378738639961,0.860084308934349,2.19920407625537
"Metformin",-0.42677535121216,-1.18263529581011,0.329084593385793,2.59307298132134
"Miglitol",-0.249726377715541,-1.07812318437558,0.5786704289445,2.36601588060485
"Pioglitazone",-0.429091953831887,-1.24470426805449,0.386520360390716,2.40310251061886
"Placebo",0.700000000000003,0.00725100216029784,1.39274899783971,2.82930759353264
"Rosiglitazone",-0.533455752975833,-1.27010154596483,0.203190040013162,2.66070887617121
"Sitagliptin",0.130000000000004,-0.850599471368317,1.11059947136833,1.99877733695393
"Sulfonylurea",0.283441199791655,-0.554896474010683,1.12177887359399,2.33796006221489
