Outcome,Q,df(Q),p-value
Outcome 1,22.9497438,27,0.687709467
Outcome 2,32.34800263,26,0.18186433