Outcome,Q,df(Q),p-value
Outcome1,25.40520745,31,0.749305397
Outcome2,29.98833302,29,0.414586286