,Q,df(Q),p-value
1,18.5982498174,12,0.0986961673
