,Q,df(Q),p-value
1,84.6849652749,60,0.019632981600000002
